<?xml version='1.0'?>
<module>
<exporttime>2018-07-30 13:42:54</exporttime>
<name>CTUserFilterView</name>
<label>CTUserFilterView</label>
<parent></parent>
<dependencies>
<vtiger_version>7.0.0</vtiger_version>
<vtiger_max_version>7.*</vtiger_max_version>
</dependencies>
<tables>
<table>
<name>vtiger_ctuserfilterview</name>
<sql><![CDATA[CREATE TABLE `vtiger_ctuserfilterview` (
  `ctuserfilterviewid` int(11) DEFAULT NULL,
  `ctuser_filter_view_no` varchar(255) DEFAULT NULL,
  `module_name` varchar(255) DEFAULT NULL,
  `filter_id` varchar(255) DEFAULT NULL,
  `filter_name` varchar(255) DEFAULT NULL
) ENGINE=InnoDB DEFAULT CHARSET=utf8]]></sql>
</table>
<table>
<name>vtiger_ctuserfilterviewcf</name>
<sql><![CDATA[CREATE TABLE `vtiger_ctuserfilterviewcf` (
  `ctuserfilterviewid` int(11) NOT NULL,
  PRIMARY KEY (`userfilterviewid`)
) ENGINE=InnoDB DEFAULT CHARSET=utf8]]></sql>
</table>
<table>
<name>vtiger_cron_task</name>
<sql><![CDATA[INSERT INTO vtiger_cron_task( id, name, handler_file, frequency, laststart, lastend, 
STATUS , module, sequence, description ) 
SELECT MAX( id ) +1,  'CTLatLongScheduler',  'cron/modules/CTUserFilterView/AddRecordLatLong.service',  '3600',  '',  '',  '0', 'CTUserFilterView', MAX( sequence ) +1,  'Recommended frequency for Schedule CTLatLong is 1 Hour'
FROM vtiger_cron_task]]></sql>
</table>
</tables>
<blocks>
<block>
<label>CTMobile User Filter View Information</label>
<fields>
<field>
<fieldname>ctuser_filter_view_no</fieldname>
<uitype>4</uitype>
<columnname>ctuser_filter_view_no</columnname>
<tablename>vtiger_ctuserfilterview</tablename>
<generatedtype>1</generatedtype>
<fieldlabel>CTMobile User Filter View No</fieldlabel>
<readonly>1</readonly>
<presence>2</presence>
<defaultvalue></defaultvalue>
<sequence>1</sequence>
<maximumlength>100</maximumlength>
<typeofdata>V~O</typeofdata>
<quickcreate>1</quickcreate>
<quickcreatesequence>0</quickcreatesequence>
<displaytype>1</displaytype>
<info_type>BAS</info_type>
<helpinfo><![CDATA[]]></helpinfo>
<masseditable>1</masseditable>
<summaryfield>0</summaryfield>
<entityidentifier>
<entityidfield>ctuserfilterviewid</entityidfield>
<entityidcolumn>ctuserfilterviewid</entityidcolumn>
</entityidentifier>
</field>
<field>
<fieldname>module_name</fieldname>
<uitype>2</uitype>
<columnname>module_name</columnname>
<tablename>vtiger_ctuserfilterview</tablename>
<generatedtype>1</generatedtype>
<fieldlabel>Module Name</fieldlabel>
<readonly>1</readonly>
<presence>2</presence>
<defaultvalue></defaultvalue>
<sequence>2</sequence>
<maximumlength>100</maximumlength>
<typeofdata>V~O</typeofdata>
<quickcreate>1</quickcreate>
<quickcreatesequence>0</quickcreatesequence>
<displaytype>1</displaytype>
<info_type>BAS</info_type>
<helpinfo><![CDATA[]]></helpinfo>
<masseditable>1</masseditable>
<summaryfield>0</summaryfield>
</field>
<field>
<fieldname>filter_id</fieldname>
<uitype>2</uitype>
<columnname>filter_id</columnname>
<tablename>vtiger_ctuserfilterview</tablename>
<generatedtype>1</generatedtype>
<fieldlabel>Filter</fieldlabel>
<readonly>1</readonly>
<presence>2</presence>
<defaultvalue></defaultvalue>
<sequence>3</sequence>
<maximumlength>100</maximumlength>
<typeofdata>V~O</typeofdata>
<quickcreate>1</quickcreate>
<quickcreatesequence>0</quickcreatesequence>
<displaytype>1</displaytype>
<info_type>BAS</info_type>
<helpinfo><![CDATA[]]></helpinfo>
<masseditable>1</masseditable>
<summaryfield>0</summaryfield>
</field>
<field>
<fieldname>filter_name</fieldname>
<uitype>2</uitype>
<columnname>filter_name</columnname>
<tablename>vtiger_ctuserfilterview</tablename>
<generatedtype>1</generatedtype>
<fieldlabel>Filter Name</fieldlabel>
<readonly>1</readonly>
<presence>2</presence>
<defaultvalue></defaultvalue>
<sequence>4</sequence>
<maximumlength>100</maximumlength>
<typeofdata>V~O</typeofdata>
<quickcreate>1</quickcreate>
<quickcreatesequence>0</quickcreatesequence>
<displaytype>1</displaytype>
<info_type>BAS</info_type>
<helpinfo><![CDATA[]]></helpinfo>
<masseditable>1</masseditable>
<summaryfield>0</summaryfield>
</field>
<field>
<fieldname>assigned_user_id</fieldname>
<uitype>53</uitype>
<columnname>smownerid</columnname>
<tablename>vtiger_crmentity</tablename>
<generatedtype>1</generatedtype>
<fieldlabel>Assigned To</fieldlabel>
<readonly>1</readonly>
<presence>2</presence>
<defaultvalue></defaultvalue>
<sequence>5</sequence>
<maximumlength>100</maximumlength>
<typeofdata>V~M</typeofdata>
<quickcreate>1</quickcreate>
<quickcreatesequence>0</quickcreatesequence>
<displaytype>1</displaytype>
<info_type>BAS</info_type>
<helpinfo><![CDATA[]]></helpinfo>
<masseditable>1</masseditable>
<summaryfield>0</summaryfield>
</field>
<field>
<fieldname>createdtime</fieldname>
<uitype>70</uitype>
<columnname>createdtime</columnname>
<tablename>vtiger_crmentity</tablename>
<generatedtype>1</generatedtype>
<fieldlabel>Created Time</fieldlabel>
<readonly>1</readonly>
<presence>2</presence>
<defaultvalue></defaultvalue>
<sequence>6</sequence>
<maximumlength>100</maximumlength>
<typeofdata>DT~O</typeofdata>
<quickcreate>1</quickcreate>
<quickcreatesequence>0</quickcreatesequence>
<displaytype>2</displaytype>
<info_type>BAS</info_type>
<helpinfo><![CDATA[]]></helpinfo>
<masseditable>1</masseditable>
<summaryfield>0</summaryfield>
</field>
<field>
<fieldname>modifiedtime</fieldname>
<uitype>70</uitype>
<columnname>modifiedtime</columnname>
<tablename>vtiger_crmentity</tablename>
<generatedtype>1</generatedtype>
<fieldlabel>Modified Time</fieldlabel>
<readonly>1</readonly>
<presence>2</presence>
<defaultvalue></defaultvalue>
<sequence>7</sequence>
<maximumlength>100</maximumlength>
<typeofdata>DT~O</typeofdata>
<quickcreate>1</quickcreate>
<quickcreatesequence>0</quickcreatesequence>
<displaytype>2</displaytype>
<info_type>BAS</info_type>
<helpinfo><![CDATA[]]></helpinfo>
<masseditable>1</masseditable>
<summaryfield>0</summaryfield>
</field>
</fields>
</block>
</blocks>
<customviews>
<customview>
<viewname>All</viewname>
<setdefault>true</setdefault>
<setmetrics>false</setmetrics>
<fields>
<field>
<fieldname>ctuser_filter_view_no</fieldname>
<columnindex>1</columnindex>
</field>
<field>
<fieldname>module_name</fieldname>
<columnindex>2</columnindex>
</field>
</fields>
</customview>
</customviews>
<sharingaccess>
<default>private</default>
</sharingaccess>
<actions>
<action>
<name><![CDATA[Import]]></name>
<status>enabled</status>
</action>
<action>
<name><![CDATA[Export]]></name>
<status>enabled</status>
</action>
<action>
<name><![CDATA[Merge]]></name>
<status>enabled</status>
</action>
</actions>
<crons>
</crons>
</module>
