<?xml version='1.0'?>
<module>
<exporttime>2018-07-30 13:25:00</exporttime>
<name>CTMobile</name>
<label>CTMobile</label>
<parent></parent>
<type>extension</type>
<version>1.3.3</version>
<dependencies>
<vtiger_version>7.1.0</vtiger_version>
<vtiger_max_version>7.*</vtiger_max_version>
</dependencies>
<tables>
<table>
<name>ctmobile_userdevicetoken</name>
<sql><![CDATA[CREATE TABLE `ctmobile_userdevicetoken` (
  `userid` int(11) NOT NULL,
  `devicetoken` longtext NOT NULL,
  `longitude` longtext NOT NULL,
  `latitude` longtext NOT NULL,
  UNIQUE KEY `userid` (`userid`)
) ENGINE=InnoDB DEFAULT CHARSET=latin1]]></sql>
</table>

<table>
<name>vtiger_field</name>
<sql><![CDATA[UPDATE `vtiger_field` SET `summaryfield` = '1' WHERE `fieldname` LIKE 'location']]></sql>
</table>
</tables>

</module>
